zip_code,sex,pct_bachelors
53001,male,13
53001,female,23
53002,male,16.2
53002,female,25.4
53003,male,6.8
53003,female,9.4
53004,male,23.3
53004,female,26.8
53005,male,55.6
53005,female,53.9
53006,male,15.4
53006,female,26.8
53007,male,25
53007,female,29.5
53010,male,12
53010,female,18.3
53011,male,16.8
53011,female,18.3
53012,male,53.4
53012,female,48.1
53013,male,25.1
53013,female,24.6
53014,male,17.5
53014,female,21.2
53015,male,24.4
53015,female,25.4
53016,male,3.8
53016,female,13.9
53017,male,41.5
53017,female,42
53018,male,55.7
53018,female,53.4
53019,male,11.5
53019,female,18.2
53020,male,23.3
53020,female,27.7
53021,male,17.4
53021,female,21.8
53022,male,41.3
53022,female,38.5
53023,male,7.9
53023,female,26.2
53024,male,43.8
53024,female,42.1
53027,male,24.6
53027,female,27.9
53029,male,47.5
53029,female,45.6
53032,male,17.6
53032,female,17.1
53033,male,32
53033,female,34.7
53034,male,11.3
53034,female,14.9
53035,male,10
53035,female,19.1
53036,male,23.6
53036,female,29
53037,male,29.7
53037,female,26.9
53038,male,24.8
53038,female,35
53039,male,11
53039,female,17.3
53040,male,19.7
53040,female,19.7
53042,male,15.1
53042,female,14.4
53044,male,62.9
53044,female,59.7
53045,male,65.2
53045,female,54.9
53046,male,18.8
53046,female,13.9
53047,male,21.4
53047,female,42.9
53048,male,15.3
53048,female,16.6
53049,male,12.5
53049,female,31.7
53050,male,13.9
53050,female,14.3
53051,male,41.9
53051,female,40.2
53057,male,12
53057,female,22.1
53058,male,46.9
53058,female,51.3
53059,male,8.6
53059,female,13.9
53061,male,18.3
53061,female,20.8
53063,male,15.1
53063,female,22.4
53065,male,12.8
53065,female,21.9
53066,male,43.1
53066,female,41.3
53069,male,47.5
53069,female,66.7
53070,male,27.1
53070,female,27.5
53072,male,50.1
53072,female,46.4
53073,male,26.3
53073,female,31.1
53074,male,33.7
53074,female,35.3
53075,male,18.3
53075,female,25.3
53076,male,31.4
53076,female,37.3
53078,male,15.4
53078,female,18.1
53079,male,10.8
53079,female,21.2
53080,male,27.1
53080,female,21.6
53081,male,18.9
53081,female,18.5
53083,male,30.7
53083,female,28.9
53085,male,20.6
53085,female,21.9
53086,male,29.3
53086,female,32
53088,male,9.9
53088,female,8.2
53089,male,36
53089,female,37.8
53090,male,19.5
53090,female,24.2
53091,male,10
53091,female,14.3
53092,male,69.3
53092,female,54.3
53093,male,26.3
53093,female,22.1
53094,male,16.9
53094,female,24.7
53095,male,31.3
53095,female,29
53097,male,64.2
53097,female,62.2
53098,male,17.8
53098,female,21.6
53103,male,22.7
53103,female,32
53104,male,18.4
53104,female,26
53105,male,20.4
53105,female,24.7
53108,male,12.7
53108,female,20.2
53110,male,21.1
53110,female,21.6
53114,male,12.7
53114,female,16.3
53115,male,18.9
53115,female,18.7
53118,male,27.6
53118,female,33
53119,male,24.1
53119,female,29
53120,male,24.1
53120,female,33.6
53121,male,28.7
53121,female,27.2
53122,male,78
53122,female,67.5
53125,male,63.5
53125,female,50.8
53126,male,22.7
53126,female,27.4
53128,male,19.4
53128,female,19.7
53129,male,41.4
53129,female,39.7
53130,male,38.1
53130,female,40.1
53132,male,38.3
53132,female,37.4
53137,male,17.4
53137,female,25
53139,male,20.2
53139,female,34.4
53140,male,16.7
53140,female,18.5
53142,male,31.4
53142,female,33.1
53143,male,17.2
53143,female,19.7
53144,male,27.4
53144,female,25.3
53146,male,30.8
53146,female,34.8
53147,male,34.3
53147,female,31.8
53149,male,31.5
53149,female,33.4
53150,male,32.6
53150,female,33.5
53151,male,44.7
53151,female,41.1
53153,male,28.9
53153,female,30.2
53154,male,31.1
53154,female,32.2
53156,male,18.1
53156,female,22.2
53158,male,33.4
53158,female,33.8
53167,male,13.1
53167,female,45.1
53168,male,21.5
53168,female,22.4
53170,male,21.9
53170,female,27.8
53172,male,18.9
53172,female,22
53177,male,13.1
53177,female,25.3
53178,male,15.8
53178,female,18.8
53179,male,18.5
53179,female,23.9
53181,male,22.2
53181,female,24.2
53182,male,16.2
53182,female,19.4
53183,male,41.6
53183,female,46.6
53184,male,23.3
53184,female,28.4
53185,male,28.2
53185,female,31.1
53186,male,36
53186,female,35.5
53188,male,33.8
53188,female,36.3
53189,male,38.2
53189,female,37.7
53190,male,31.1
53190,female,36.6
53191,male,46.7
53191,female,45.5
53192,male,0
53192,female,0
53195,male,12.2
53195,female,10.7
53202,male,64.6
53202,female,70.3
53203,male,55.2
53203,female,54.9
53204,male,8.3
53204,female,8.4
53205,male,9.9
53205,female,9.8
53206,male,4.2
53206,female,7.6
53207,male,31.5
53207,female,40.9
53208,male,24.5
53208,female,25.1
53209,male,20.7
53209,female,21.1
53210,male,17.5
53210,female,21.7
53211,male,64.2
53211,female,70.1
53212,male,29.6
53212,female,31.4
53213,male,60.2
53213,female,58.3
53214,male,21.4
53214,female,24.6
53215,male,7.4
53215,female,11.2
53216,male,13.7
53216,female,20.3
53217,male,72.7
53217,female,68.5
53218,male,10.4
53218,female,13.4
53219,male,18.9
53219,female,25.3
53220,male,22.9
53220,female,24.3
53221,male,21.7
53221,female,24.1
53222,male,36
53222,female,40.8
53223,male,28.3
53223,female,26.7
53224,male,24
53224,female,26.1
53225,male,17.5
53225,female,19.9
53226,male,57.2
53226,female,55.6
53227,male,25
53227,female,28.5
53228,male,30
53228,female,31.5
53233,male,21.3
53233,female,22.9
53235,male,28.6
53235,female,30.8
53295,male,15.8
53295,female,0
53402,male,28.8
53402,female,27.8
53403,male,19.4
53403,female,20.6
53404,male,13
53404,female,14.9
53405,male,21.6
53405,female,20.3
53406,male,30.2
53406,female,30.7
53501,male,0
53501,female,0
53502,male,14.6
53502,female,20
53503,male,16.2
53503,female,23.4
53504,male,14.2
53504,female,20.9
53505,male,7.4
53505,female,28.1
53506,male,10.6
53506,female,16.1
53507,male,27.9
53507,female,31.9
53508,male,29.2
53508,female,34.3
53510,male,19.2
53510,female,20.7
53511,male,14.8
53511,female,18.3
53515,male,28.8
53515,female,33.7
53516,male,22.4
53516,female,32.9
53517,male,33.1
53517,female,33.5
53518,male,12.9
53518,female,21.9
53520,male,17.7
53520,female,17.4
53521,male,27.8
53521,female,37.3
53522,male,10.9
53522,female,21.3
53523,male,30.4
53523,female,37.1
53525,male,14.9
53525,female,23.1
53526,male,18.6
53526,female,23.1
53527,male,39.3
53527,female,38.8
53528,male,35.6
53528,female,39.4
53529,male,19.2
53529,female,27.2
53530,male,15
53530,female,19.8
53531,male,25
53531,female,36.4
53532,male,38
53532,female,34.8
53533,male,20.6
53533,female,26
53534,male,16.3
53534,female,26.1
53536,male,24.6
53536,female,26.3
53537,male,2.4
53537,female,22.4
53538,male,19
53538,female,25.9
53540,male,8.2
53540,female,16.9
53541,male,10.2
53541,female,17.6
53543,male,16.4
53543,female,20.7
53544,male,18.5
53544,female,28.8
53545,male,24.7
53545,female,24
53546,male,20.4
53546,female,22.9
53548,male,17
53548,female,21.3
53549,male,21.4
53549,female,18.1
53550,male,4.5
53550,female,12.6
53551,male,35.3
53551,female,36.7
53553,male,5
53553,female,11.1
53554,male,15.5
53554,female,20.5
53555,male,30.6
53555,female,34.2
53556,male,9.8
53556,female,14.1
53557,male,13
53557,female,11.1
53558,male,42.1
53558,female,50.2
53559,male,14.2
53559,female,21.1
53560,male,26.1
53560,female,30.3
53561,male,25.6
53561,female,26.7
53562,male,60.8
53562,female,60.6
53563,male,25.3
53563,female,31.7
53565,male,23.6
53565,female,28.7
53566,male,21
53566,female,22.7
53569,male,21.2
53569,female,20.3
53570,male,16.7
53570,female,21.3
53571,male,37.7
53571,female,48.8
53572,male,45.3
53572,female,40.5
53573,male,12
53573,female,15.2
53574,male,33.9
53574,female,36.2
53575,male,37.7
53575,female,43.4
53576,male,14.7
53576,female,26.9
53577,male,16.6
53577,female,21
53578,male,33.7
53578,female,33
53579,male,9.7
53579,female,11
53580,male,20.1
53580,female,21
53581,male,18.2
53581,female,22.7
53582,male,15
53582,female,21.5
53583,male,22
53583,female,24.4
53585,male,10.3
53585,female,14.6
53586,male,13.1
53586,female,19.5
53587,male,12.6
53587,female,12.3
53588,male,29.5
53588,female,31.2
53589,male,33.2
53589,female,32.9
53590,male,41.3
53590,female,42.4
53593,male,63.8
53593,female,62.7
53594,male,15
53594,female,21.2
53597,male,47.1
53597,female,48.7
53598,male,45.5
53598,female,35.9
53599,male,0
53599,female,0
53702,male,0
53702,female,0
53703,male,66.3
53703,female,69.8
53704,male,41.6
53704,female,43.6
53705,male,76.8
53705,female,75.4
53706,male,44.4
53706,female,100
53711,male,61.7
53711,female,57.9
53713,male,28.1
53713,female,28.5
53714,male,31.5
53714,female,30.8
53715,male,56.6
53715,female,58.2
53716,male,40.6
53716,female,43.8
53717,male,78.8
53717,female,65.1
53718,male,56.1
53718,female,50.6
53719,male,59.2
53719,female,60.9
53726,male,90.2
53726,female,91.8
53801,male,10.6
53801,female,14.1
53802,male,0
53802,female,0
53803,male,15.2
53803,female,17.1
53804,male,8.1
53804,female,13.9
53805,male,10.1
53805,female,18.6
53806,male,11.5
53806,female,14.7
53807,male,19.3
53807,female,26.4
53808,male,13.7
53808,female,13.7
53809,male,15.4
53809,female,18.6
53810,male,11.3
53810,female,18.3
53811,male,17.7
53811,female,37.1
53813,male,19.2
53813,female,20.2
53816,male,11.6
53816,female,14.5
53817,male,16.4
53817,female,20.8
53818,male,31.7
53818,female,34.8
53820,male,16.3
53820,female,20.5
53821,male,16.4
53821,female,16.4
53825,male,10.5
53825,female,22.3
53826,male,10.6
53826,female,11.8
53827,male,5.7
53827,female,15.9
53901,male,16.2
53901,female,19.3
53910,male,8.7
53910,female,13.2
53911,male,19.8
53911,female,25.3
53913,male,21.4
53913,female,23.4
53916,male,16.4
53916,female,20.9
53919,male,14.8
53919,female,18.3
53920,male,15.8
53920,female,13
53922,male,6.4
53922,female,16.8
53923,male,13.1
53923,female,15.9
53924,male,10.8
53924,female,14.8
53925,male,28.2
53925,female,29.7
53926,male,7.7
53926,female,12.3
53928,male,0
53928,female,11.9
53929,male,12
53929,female,17.1
53930,male,11.6
53930,female,13.7
53931,male,16.7
53931,female,15.9
53932,male,19.8
53932,female,27.6
53933,male,10.9
53933,female,19
53934,male,9.6
53934,female,15.1
53935,male,14.7
53935,female,15.4
53936,male,3.6
53936,female,13.3
53937,male,13.2
53937,female,17.2
53939,male,14.3
53939,female,12
53941,male,17.2
53941,female,21.4
53943,male,11.5
53943,female,13.2
53944,male,9.8
53944,female,15.3
53946,male,15.8
53946,female,16.8
53947,male,4
53947,female,3.9
53948,male,12.4
53948,female,15.8
53949,male,9.8
53949,female,14.7
53950,male,9
53950,female,18
53951,male,11
53951,female,19.1
53952,male,9.1
53952,female,13.7
53953,male,0
53953,female,4.2
53954,male,18.1
53954,female,21.4
53955,male,22.1
53955,female,24.6
53956,male,13.1
53956,female,14.7
53959,male,19
53959,female,20.7
53960,male,12.6
53960,female,23.2
53961,male,14.5
53961,female,22.9
53963,male,12.2
53963,female,17.9
53964,male,13.5
53964,female,17.9
53965,male,16.2
53965,female,22.1
53968,male,9.9
53968,female,14.1
53969,male,12.3
53969,female,11.4
54001,male,21.5
54001,female,19.4
54002,male,15.8
54002,female,20.7
54003,male,22
54003,female,24.8
54004,male,14.5
54004,female,13.8
54005,male,10.6
54005,female,15.5
54006,male,11.5
54006,female,16.3
54007,male,6.8
54007,female,26.3
54009,male,21.3
54009,female,24.2
54010,male,0
54010,female,0
54011,male,17.5
54011,female,21.2
54013,male,14
54013,female,21.3
54014,male,15.5
54014,female,23.3
54015,male,20.3
54015,female,32.7
54016,male,45.9
54016,female,46.5
54017,male,22.6
54017,female,26.5
54020,male,24.8
54020,female,25.1
54021,male,28.6
54021,female,25.4
54022,male,35.9
54022,female,44.4
54023,male,28.2
54023,female,33.4
54024,male,23
54024,female,24.3
54025,male,21.4
54025,female,30.2
54026,male,14.4
54026,female,27.2
54027,male,16.2
54027,female,20.1
54028,male,19.6
54028,female,21
54082,male,37
54082,female,57.3
54101,male,12.5
54101,female,18.6
54102,male,10.8
54102,female,7.2
54103,male,8.5
54103,female,20.9
54104,male,6.8
54104,female,9
54106,male,11.1
54106,female,14.4
54107,male,14.7
54107,female,17
54110,male,15.2
54110,female,23.4
54111,male,15.1
54111,female,17.3
54112,male,8.2
54112,female,17
54113,male,18.8
54113,female,19.7
54114,male,15.5
54114,female,14.7
54115,male,35.2
54115,female,35.5
54119,male,18.9
54119,female,31.5
54120,male,3.1
54120,female,7.4
54121,male,22.7
54121,female,19.8
54123,male,12.6
54123,female,20
54124,male,7.8
54124,female,15.8
54125,male,10.1
54125,female,13.4
54126,male,13
54126,female,15.3
54127,male,0
54127,female,0
54128,male,13
54128,female,14.4
54129,male,12.3
54129,female,21.1
54130,male,19
54130,female,25.6
54135,male,20.1
54135,female,16.8
54136,male,21.8
54136,female,25.4
54137,male,15.9
54137,female,16.4
54138,male,19.8
54138,female,21.4
54139,male,13.7
54139,female,13.4
54140,male,22.6
54140,female,20.7
54141,male,12.4
54141,female,22.9
54143,male,13.5
54143,female,16.7
54149,male,10.2
54149,female,17.4
54150,male,4.3
54150,female,15.5
54151,male,15
54151,female,13
54153,male,13.8
54153,female,18.7
54154,male,17.5
54154,female,16
54155,male,39.1
54155,female,39.3
54156,male,8.6
54156,female,12.4
54157,male,18
54157,female,11.3
54159,male,12.6
54159,female,19.1
54160,male,15.3
54160,female,18.8
54161,male,9
54161,female,12.8
54162,male,19.6
54162,female,21.3
54165,male,17.8
54165,female,19
54166,male,17.8
54166,female,18.2
54169,male,46.4
54169,female,48.9
54170,male,13.3
54170,female,19.2
54171,male,27.6
54171,female,33.3
54173,male,28.2
54173,female,35
54174,male,7.2
54174,female,13.3
54175,male,19.1
54175,female,18.3
54177,male,12.1
54177,female,17
54180,male,27
54180,female,36.5
54201,male,16.6
54201,female,14.6
54202,male,41.3
54202,female,37.7
54204,male,15.2
54204,female,18.4
54205,male,12.5
54205,female,15.7
54207,male,0
54207,female,13.8
54208,male,14.3
54208,female,21.4
54209,male,44.4
54209,female,37.2
54210,male,45.3
54210,female,43.3
54211,male,56.3
54211,female,58.7
54212,male,58
54212,female,58.9
54213,male,9.8
54213,female,14.9
54214,male,13.4
54214,female,12.3
54216,male,17.6
54216,female,16.6
54217,male,19
54217,female,23
54220,male,20.5
54220,female,23.6
54227,male,11.1
54227,female,22.3
54228,male,14.2
54228,female,16.1
54229,male,18.7
54229,female,22
54230,male,11.9
54230,female,21.5
54232,male,9.9
54232,female,13.7
54234,male,50.5
54234,female,45.3
54235,male,26.3
54235,female,28.7
54241,male,16.9
54241,female,17.7
54245,male,15.2
54245,female,18.8
54246,male,38.6
54246,female,48.4
54247,male,18.1
54247,female,20.6
54301,male,34.8
54301,female,33.3
54302,male,18.4
54302,female,23.1
54303,male,15.7
54303,female,18
54304,male,23.1
54304,female,23.2
54311,male,30
54311,female,33
54313,male,32.6
54313,female,33.7
54401,male,28.4
54401,female,26.7
54403,male,25.6
54403,female,27.1
54405,male,12.2
54405,female,11.7
54406,male,27.4
54406,female,30.8
54407,male,31.9
54407,female,33.6
54408,male,5.7
54408,female,13.6
54409,male,18.6
54409,female,15.8
54410,male,12.1
54410,female,20.4
54411,male,11
54411,female,16.9
54412,male,11.8
54412,female,20.8
54413,male,6.1
54413,female,11.9
54414,male,10.3
54414,female,16.2
54416,male,7.3
54416,female,13.6
54417,male,0
54417,female,0
54418,male,8.9
54418,female,12.8
54420,male,14.6
54420,female,24.8
54421,male,7
54421,female,10
54422,male,4.2
54422,female,7.7
54423,male,25.7
54423,female,23.1
54424,male,18.3
54424,female,18.3
54425,male,5.3
54425,female,12.9
54426,male,10.2
54426,female,18.5
54427,male,9.2
54427,female,11.5
54428,male,12.7
54428,female,20.4
54430,male,24.5
54430,female,4.3
54433,male,12.5
54433,female,15.7
54435,male,13.2
54435,female,14.7
54436,male,8.2
54436,female,10.6
54437,male,9.8
54437,female,19.2
54440,male,10.2
54440,female,19.6
54441,male,25
54441,female,30.5
54442,male,15.4
54442,female,15.1
54443,male,15.8
54443,female,19.4
54446,male,9.3
54446,female,13.5
54447,male,15.5
54447,female,14.5
54448,male,15.5
54448,female,21
54449,male,28.4
54449,female,28.9
54450,male,3.8
54450,female,13
54451,male,12.1
54451,female,16.6
54452,male,15.5
54452,female,18
54454,male,7.5
54454,female,14.3
54455,male,25.9
54455,female,29.6
54456,male,11.6
54456,female,15.7
54457,male,15.2
54457,female,14.9
54458,male,32.1
54458,female,24.2
54459,male,14.8
54459,female,13.8
54460,male,9.2
54460,female,14.1
54462,male,4.5
54462,female,10.1
54463,male,19.2
54463,female,16.9
54465,male,8.1
54465,female,10.2
54466,male,14.3
54466,female,20
54467,male,33.4
54467,female,31.7
54469,male,24.3
54469,female,23.6
54470,male,12.3
54470,female,15.9
54471,male,18.6
54471,female,25.7
54473,male,13.4
54473,female,16.6
54474,male,19.4
54474,female,26.3
54475,male,11.5
54475,female,16.7
54476,male,23.5
54476,female,27.2
54479,male,10.8
54479,female,17.3
54480,male,12.3
54480,female,10
54481,male,33
54481,female,36.3
54482,male,30.2
54482,female,33.2
54484,male,15.7
54484,female,20.7
54485,male,17.9
54485,female,15.6
54486,male,8.7
54486,female,16.4
54487,male,16.7
54487,female,17.3
54488,male,5.7
54488,female,8.1
54489,male,10.5
54489,female,15.7
54490,male,13.1
54490,female,15.1
54491,male,11.6
54491,female,11.1
54493,male,9.2
54493,female,12.8
54494,male,19.3
54494,female,20
54495,male,11.8
54495,female,14.9
54498,male,4.6
54498,female,9.1
54499,male,14.7
54499,female,16
54501,male,23.3
54501,female,26.1
54511,male,9.3
54511,female,14
54512,male,41.6
54512,female,36
54513,male,10.9
54513,female,10.3
54514,male,15.2
54514,female,15.9
54515,male,7.2
54515,female,11.8
54517,male,23.6
54517,female,6.7
54519,male,19.3
54519,female,29.8
54520,male,11.3
54520,female,16.2
54521,male,23.7
54521,female,27
54524,male,15
54524,female,18.9
54525,male,11.8
54525,female,15.9
54526,male,10.1
54526,female,16.1
54527,male,12.4
54527,female,12.4
54529,male,25.1
54529,female,21
54530,male,7.4
54530,female,10.2
54531,male,24.3
54531,female,39.2
54534,male,16
54534,female,19.7
54536,male,16.1
54536,female,15.3
54537,male,10.3
54537,female,15.4
54538,male,29.6
54538,female,19.7
54539,male,19.4
54539,female,29.2
54540,male,34.1
54540,female,22
54541,male,13
54541,female,19.8
54542,male,6.3
54542,female,6.5
54545,male,43.5
54545,female,36
54546,male,10.8
54546,female,12
54547,male,24.3
54547,female,20.5
54548,male,34.3
54548,female,31.2
54550,male,23.6
54550,female,26.6
54552,male,18.1
54552,female,16.2
54554,male,22.2
54554,female,28.9
54555,male,18.8
54555,female,18.2
54556,male,9.8
54556,female,13
54557,male,37.5
54557,female,40.2
54558,male,21.9
54558,female,25.6
54559,male,10.5
54559,female,17.6
54560,male,18.7
54560,female,42.1
54561,male,72
54561,female,16.7
54562,male,38.2
54562,female,38.2
54563,male,13.2
54563,female,24.8
54564,male,4.1
54564,female,7.4
54565,male,24.1
54565,female,25
54566,male,8.9
54566,female,17.5
54568,male,23.4
54568,female,23.1
54601,male,37.7
54601,female,39.2
54603,male,20.8
54603,female,21.2
54610,male,20.3
54610,female,20
54611,male,17.7
54611,female,21.9
54612,male,15.6
54612,female,20.5
54613,male,8.4
54613,female,9.1
54614,male,12.7
54614,female,21.9
54615,male,12
54615,female,16.3
54616,male,11.8
54616,female,14.5
54618,male,10.2
54618,female,14.6
54619,male,11.1
54619,female,14.6
54621,male,19.2
54621,female,20.7
54622,male,15.2
54622,female,23.5
54623,male,24.4
54623,female,32.8
54624,male,14.4
54624,female,18
54625,male,1
54625,female,22.7
54626,male,14.7
54626,female,16.2
54627,male,17.1
54627,female,21.1
54628,male,13.8
54628,female,14.7
54629,male,19.3
54629,female,26.5
54630,male,19.8
54630,female,26.8
54631,male,15.2
54631,female,22.4
54632,male,16.2
54632,female,26.3
54634,male,14.4
54634,female,17.5
54635,male,12.2
54635,female,14.9
54636,male,24.3
54636,female,32
54637,male,13.1
54637,female,15.4
54638,male,8.2
54638,female,13.6
54639,male,17.9
54639,female,22.5
54641,male,100
54641,female,0
54642,male,14.9
54642,female,19.3
54643,male,0
54643,female,0
54644,male,18.9
54644,female,20
54645,male,19
54645,female,29.2
54646,male,11.9
54646,female,14.5
54648,male,9.4
54648,female,11.7
54650,male,33.5
54650,female,35.9
54651,male,12
54651,female,14.3
54652,male,17.1
54652,female,22.1
54653,male,8.4
54653,female,13.8
54654,male,25.8
54654,female,12.8
54655,male,12.6
54655,female,16.5
54656,male,17.6
54656,female,21.9
54657,male,5.8
54657,female,17.3
54658,male,19.2
54658,female,29
54659,male,8.4
54659,female,14
54660,male,18.5
54660,female,20.5
54661,male,25.9
54661,female,26.6
54664,male,15.3
54664,female,24.3
54665,male,20.4
54665,female,25.8
54666,male,12.3
54666,female,18.9
54667,male,23.1
54667,female,24
54669,male,30.9
54669,female,34.5
54670,male,7.4
54670,female,13
54701,male,37.3
54701,female,39.8
54703,male,23.6
54703,female,29
54720,male,39.4
54720,female,30.1
54721,male,8.5
54721,female,16.4
54722,male,10.7
54722,female,13.7
54723,male,14.2
54723,female,18.5
54724,male,15.9
54724,female,16.2
54725,male,13.4
54725,female,16.6
54726,male,10.7
54726,female,12.4
54727,male,16.5
54727,female,15.8
54728,male,15.6
54728,female,18.9
54729,male,19.8
54729,female,26.9
54730,male,25.8
54730,female,25.5
54731,male,6.6
54731,female,8.6
54732,male,12.7
54732,female,15.9
54733,male,9.8
54733,female,16.7
54734,male,14.9
54734,female,20.1
54736,male,15.8
54736,female,17.3
54737,male,14.5
54737,female,22.7
54738,male,20.6
54738,female,22.8
54739,male,23
54739,female,24.6
54740,male,13.6
54740,female,17.8
54741,male,7.7
54741,female,13
54742,male,23.3
54742,female,21.7
54745,male,16.3
54745,female,15.5
54746,male,11.6
54746,female,8.1
54747,male,11.4
54747,female,16.4
54748,male,16.2
54748,female,6.2
54749,male,14.3
54749,female,18.8
54750,male,18.5
54750,female,19.1
54751,male,34.5
54751,female,29.9
54754,male,11.1
54754,female,8.1
54755,male,16.2
54755,female,18.1
54756,male,13.7
54756,female,18.2
54757,male,16.2
54757,female,23.6
54758,male,17.4
54758,female,22.1
54759,male,16.5
54759,female,23.1
54760,male,17
54760,female,28.2
54761,male,17.3
54761,female,16.4
54762,male,12
54762,female,19.6
54763,male,12.5
54763,female,18
54765,male,0
54765,female,70
54766,male,8.2
54766,female,10.5
54767,male,20.4
54767,female,25.8
54768,male,6
54768,female,11.9
54769,male,33.5
54769,female,37.2
54770,male,16.2
54770,female,16.8
54771,male,4.9
54771,female,12.8
54772,male,19.6
54772,female,20
54773,male,15.1
54773,female,19.3
54801,male,25
54801,female,23.7
54805,male,9.3
54805,female,13.8
54806,male,25.2
54806,female,28.3
54810,male,16.1
54810,female,19.4
54812,male,13.3
54812,female,14.9
54813,male,9.1
54813,female,11.2
54814,male,25.3
54814,female,32.8
54817,male,27.5
54817,female,20.1
54819,male,11.6
54819,female,14.8
54820,male,13.9
54820,female,23.2
54821,male,29.4
54821,female,23.9
54822,male,16.9
54822,female,17.3
54824,male,10.5
54824,female,14.2
54826,male,16.2
54826,female,17.6
54827,male,31.2
54827,female,45.6
54828,male,22.2
54828,female,16.3
54829,male,22.2
54829,female,25.4
54830,male,20.1
54830,female,19.5
54832,male,30
54832,female,30.1
54835,male,9.8
54835,female,12.3
54836,male,8.9
54836,female,20.3
54837,male,14
54837,female,18.2
54838,male,16.8
54838,female,21.4
54839,male,11.8
54839,female,14.6
54840,male,17.2
54840,female,19.7
54841,male,8.9
54841,female,17.9
54842,male,18.4
54842,female,16.4
54843,male,26.9
54843,female,23
54844,male,40.8
54844,female,40.8
54845,male,5.4
54845,female,3.7
54846,male,13.3
54846,female,25.7
54847,male,22.4
54847,female,23.5
54848,male,14.3
54848,female,19.9
54849,male,32.6
54849,female,37.9
54850,male,52.3
54850,female,62.7
54853,male,17
54853,female,20.4
54854,male,23.1
54854,female,27.8
54855,male,16.3
54855,female,12.5
54856,male,14.2
54856,female,20.8
54857,male,35.7
54857,female,47.4
54858,male,11.4
54858,female,18.9
54859,male,21.5
54859,female,16.9
54861,male,0
54861,female,14.9
54862,male,6
54862,female,10.8
54864,male,24.4
54864,female,33.3
54865,male,27.6
54865,female,30.3
54867,male,11.5
54867,female,12
54868,male,17.9
54868,female,22.4
54870,male,22.6
54870,female,25.4
54871,male,19.7
54871,female,18
54872,male,17.3
54872,female,18.6
54873,male,22.7
54873,female,25.7
54874,male,19.9
54874,female,24.6
54875,male,12.4
54875,female,18.6
54876,male,23.2
54876,female,26.3
54880,male,20.8
54880,female,23.4
54888,male,16.9
54888,female,15.6
54889,male,14.1
54889,female,19.3
54891,male,39.3
54891,female,43.4
54893,male,18.8
54893,female,18.2
54895,male,17.4
54895,female,13.6
54896,male,12.5
54896,female,13.2
54901,male,19.2
54901,female,26.9
54902,male,20.4
54902,female,23.4
54904,male,36.7
54904,female,39.1
54909,male,15.9
54909,female,24.1
54911,male,27.5
54911,female,30.8
54913,male,45.2
54913,female,45
54914,male,26.1
54914,female,26.8
54915,male,31.6
54915,female,35.4
54921,male,11.1
54921,female,13.4
54922,male,7.3
54922,female,9.6
54923,male,11.3
54923,female,19.8
54927,male,17.8
54927,female,32.3
54928,male,11.8
54928,female,18.7
54929,male,12.2
54929,female,17.9
54930,male,14.9
54930,female,13.5
54931,male,6
54931,female,9.1
54932,male,14.6
54932,female,30.9
54933,male,5.1
54933,female,19.1
54934,male,2.7
54934,female,5.7
54935,male,22.6
54935,female,24.8
54937,male,24
54937,female,24.7
54940,male,17.8
54940,female,21.9
54941,male,33.2
54941,female,31.1
54942,male,42.3
54942,female,34.4
54943,male,9.3
54943,female,13.8
54944,male,24.6
54944,female,25.7
54945,male,22.5
54945,female,23.3
54946,male,29.3
54946,female,11.1
54947,male,18.8
54947,female,24.2
54948,male,2.7
54948,female,17.3
54949,male,10.8
54949,female,14.1
54950,male,6.2
54950,female,13
54952,male,22.3
54952,female,24.6
54956,male,31.8
54956,female,35.1
54960,male,13.8
54960,female,16.1
54961,male,14.1
54961,female,22.6
54962,male,10.9
54962,female,12.1
54963,male,21.6
54963,female,23.9
54964,male,15.1
54964,female,23.8
54965,male,11.7
54965,female,12.3
54966,male,7.8
54966,female,11.7
54967,male,11.8
54967,female,17.6
54968,male,14.6
54968,female,14.5
54970,male,8.4
54970,female,16.8
54971,male,24
54971,female,23.1
54974,male,19.6
54974,female,26.7
54977,male,20.1
54977,female,18.8
54979,male,15.2
54979,female,23
54980,male,8.8
54980,female,0
54981,male,22.8
54981,female,21.3
54982,male,16.6
54982,female,16.4
54983,male,16.8
54983,female,11.6
54984,male,15.1
54984,female,21.8
54985,male,0
54985,female,7.9
54986,male,24.3
54986,female,24.8
61072,male,30.4
61072,female,28.9
61080,male,18.8
61080,female,20.4
